<?xml version="1.0"?>
<doc>
    <assembly>
        <name>EcoLens.Api</name>
    </assembly>
    <members>
        <member name="M:EcoLens.Api.Controllers.ActivityController.Upload(EcoLens.Api.DTOs.Activity.CreateActivityLogDto,System.Threading.CancellationToken)">
            <summary>
            上传活动记录：根据标签查找参考，计算排放并保存。
            </summary>
        </member>
        <member name="M:EcoLens.Api.Controllers.ActivityController.Dashboard(System.Threading.CancellationToken)">
            <summary>
            仪表盘数据：近 7 天排放趋势、当日碳中和差值（目标 10kg/天）、等效植树数（按 TotalCarbonSaved/20）。
            </summary>
        </member>
        <member name="M:EcoLens.Api.Controllers.ActivityController.MyLogs(System.Threading.CancellationToken)">
            <summary>
            获取当前用户的活动日志列表。
            </summary>
        </member>
        <member name="M:EcoLens.Api.Controllers.ActivityController.Stats(System.Threading.CancellationToken)">
            <summary>
            获取当前用户的统计信息（总排放/记录数量/折算树木/全服排名）。
            </summary>
        </member>
        <member name="M:EcoLens.Api.Controllers.ActivityController.ChartData(System.Int32,System.Threading.CancellationToken)">
            <summary>
            获取过去 N 天的每日碳排放总量（当前用户）。
            </summary>
        </member>
        <member name="M:EcoLens.Api.Controllers.ActivityController.Heatmap(System.Threading.CancellationToken)">
            <summary>
            按 Region 统计总碳减排量（基于用户的 TotalCarbonSaved）。
            </summary>
        </member>
        <member name="M:EcoLens.Api.Controllers.AdminAuthController.LoginAlias(EcoLens.Api.Controllers.AdminAuthController.AdminLoginRequest,System.Threading.CancellationToken)">
            <summary>
            路由别名：/api/admin/login（与部分前端约定对齐）。
            </summary>
        </member>
        <member name="M:EcoLens.Api.Controllers.AdminController.GetCurrentAdminId">
            <summary>
            获取当前登录的管理员用户ID。
            </summary>
        </member>
        <member name="M:EcoLens.Api.Controllers.AdminController.GetCarbonReferences(System.String,System.String,System.String,System.Threading.CancellationToken)">
            <summary>
            获取碳排放因子列表（可按 Category/Region/Label 过滤）。
            </summary>
        </member>
        <member name="M:EcoLens.Api.Controllers.AdminController.UpsertCarbonReference(EcoLens.Api.DTOs.Admin.UpsertCarbonReferenceDto,System.Threading.CancellationToken)">
            <summary>
            新增或更新碳排放因子（Region 可选）。
            </summary>
        </member>
        <member name="M:EcoLens.Api.Controllers.AdminController.DeleteCarbonReference(System.Int32,System.Threading.CancellationToken)">
            <summary>
            删除碳排放因子。
            </summary>
        </member>
        <member name="M:EcoLens.Api.Controllers.AdminController.BanUser(System.Int32,EcoLens.Api.DTOs.Admin.BanUserRequestDto,System.Threading.CancellationToken)">
            <summary>
            封禁/解封用户。
            </summary>
        </member>
        <member name="M:EcoLens.Api.Controllers.AdminController.DeletePost(System.Int32,System.Threading.CancellationToken)">
            <summary>
            删除帖子（软删除 IsDeleted=true）。
            </summary>
        </member>
        <member name="M:EcoLens.Api.Controllers.AdminController.RegionStatsAlias(System.Threading.CancellationToken)">
            <summary>
            路由别名：/api/regions/stats（与前端文档对齐，仍需 Admin 权限）
            </summary>
        </member>
        <member name="M:EcoLens.Api.Controllers.AdminController.CategoryShare(System.Threading.CancellationToken)">
            <summary>
            类目占比（按 ActivityLog 的 CarbonReference.Category 汇总）。
            </summary>
        </member>
        <member name="M:EcoLens.Api.Controllers.AdminController.Engagement(System.Threading.CancellationToken)">
            <summary>
            参与度（最近 6 个月）：返回每月 DAU/M AU（简化近似）。
            </summary>
        </member>
        <member name="M:EcoLens.Api.Controllers.AdminController.BatchUpdateUsersAlias(EcoLens.Api.Controllers.AdminController.BatchUserUpdateRequest,System.Threading.CancellationToken)">
            <summary>
            路由别名：/api/admin/users/batch（PUT），与批量更新对齐。
            </summary>
        </member>
        <member name="M:EcoLens.Api.Controllers.AdminController.BatchUpdateUsersPatch(EcoLens.Api.Controllers.AdminController.BatchUserUpdateRequest,System.Threading.CancellationToken)">
            <summary>
            路由别名：/api/admin/users/batch（PATCH），与前端文档对齐。
            </summary>
        </member>
        <member name="M:EcoLens.Api.Controllers.AuthController.Register(EcoLens.Api.DTOs.Auth.RegisterRequestDto,System.Threading.CancellationToken)">
            <summary>
            用户注册并返回认证 Token。
            </summary>
        </member>
        <member name="M:EcoLens.Api.Controllers.AuthController.Login(EcoLens.Api.DTOs.Auth.LoginRequestDto,System.Threading.CancellationToken)">
            <summary>
            用户登录并返回认证 Token。
            </summary>
        </member>
        <member name="M:EcoLens.Api.Controllers.BarcodeController.Get(EcoLens.Api.DTOs.Barcode.SearchBarcodeReferenceDto,System.Threading.CancellationToken)">
            <summary>
            ??????????????????   /// </summary>
        </member>
        <member name="M:EcoLens.Api.Controllers.BarcodeController.GetByBarcode(System.String,System.Nullable{System.Boolean},System.Threading.CancellationToken)">
            <summary>
            根据条形码获取映射（优先本地；不存在时从 Open Food Facts 拉取并缓存）。
            </summary>
            <param name="barcode">条形码</param>
            <param name="refresh">为 true 时强制从 Open Food Facts 重新拉取并更新 Co2Factor（解决缓存了错误/旧数据）</param>
        </member>
        <member name="M:EcoLens.Api.Controllers.BarcodeController.DeleteByBarcode(System.String,System.Threading.CancellationToken)">
            <summary>
            根据条形码删除记录
            </summary>
        </member>
        <member name="M:EcoLens.Api.Controllers.CarbonFactorController.GetFactors(System.String,System.Threading.CancellationToken)">
            <summary>
            获取碳排放因子（支持按 Category 过滤）。
            </summary>
        </member>
        <member name="M:EcoLens.Api.Controllers.CarbonFactorController.UpsertFactor(EcoLens.Api.Controllers.CarbonFactorController.UpsertCarbonFactorDto,System.Threading.CancellationToken)">
            <summary>
            新增或更新碳排放因子（仅登录用户，暂不限制角色）。
            </summary>
        </member>
        <member name="M:EcoLens.Api.Controllers.CommunityController.GetPosts(System.String,System.Int32,System.Int32,System.Threading.CancellationToken)">
            <summary>
            分页获取帖子列表（可选 type=User/Official）。
            </summary>
        </member>
        <member name="M:EcoLens.Api.Controllers.CommunityController.GetPostDetail(System.Int32,System.Threading.CancellationToken)">
            <summary>
            获取帖子详情及评论列表，同时自增浏览量。
            </summary>
        </member>
        <member name="M:EcoLens.Api.Controllers.CommunityController.CreatePost(EcoLens.Api.Controllers.CommunityController.CreatePostDto,System.Threading.CancellationToken)">
            <summary>
            发布新帖子。
            </summary>
        </member>
        <member name="M:EcoLens.Api.Controllers.CommunityController.CreateComment(System.Int32,EcoLens.Api.Controllers.CommunityController.CreateCommentDto,System.Threading.CancellationToken)">
            <summary>
            对帖子进行评论。
            </summary>
        </member>
        <member name="M:EcoLens.Api.Controllers.FoodController.CalculateByName(EcoLens.Api.DTOs.Food.FoodCalculateByNameRequest,System.Threading.CancellationToken)">
            <summary>
            通过食物名称与份量计算总碳排放。
            - 支持单位：g, kg, portion(份/份量/serving)
            - 根据 CarbonReference(Category=Food) 的 Unit 做换算
            </summary>
        </member>
        <member name="M:EcoLens.Api.Controllers.FoodController.Recognize(Microsoft.AspNetCore.Http.IFormFile,System.Threading.CancellationToken)">
            <summary>
            图片识别获取食物名称。
            </summary>
        </member>
        <member name="M:EcoLens.Api.Controllers.FoodController.CalculateFromImage(Microsoft.AspNetCore.Http.IFormFile,System.Double,System.String,System.Threading.CancellationToken)">
            <summary>
            组合流程：上传图片 + 份量，后端识别名称并计算总排放。
            - 前端可直接调用本接口完成识别+计算的一站式处理
            - 支持单位：g, kg, portion(份/份量/serving)
            </summary>
        </member>
        <member name="M:EcoLens.Api.Controllers.FoodController.ConvertToFactorUnit(System.String,System.Double,System.String,System.String)">
            <summary>
            将输入份量换算为碳因子单位的数值。
            规则：
            - g 与 kg 互转
            - portion(份/份量/serving) 将按固定映射转换为克（每种食物一一对应），再换算为目标单位
            - 若无法识别单位则返回 -1
            </summary>
        </member>
        <member name="M:EcoLens.Api.Controllers.FoodController.MapPortionToGrams(System.String,System.Double)">
            <summary>
            简单的“份量 -> 克数”映射（可按需扩展）。
            未命中则使用通用默认值 100g/份。
            </summary>
        </member>
        <member name="M:EcoLens.Api.Controllers.InsightController.WeeklyReport(System.Threading.CancellationToken)">
            <summary>
            生成一条模拟周报洞见（最近 7 天）。
            TODO: Send logs to Gemini/OpenAI API and return response
            </summary>
        </member>
        <!-- Badly formed XML comment ignored for member "M:EcoLens.Api.Controllers.LeaderboardController.Get(System.String,System.Int32,System.Threading.CancellationToken)" -->
        <member name="M:EcoLens.Api.Controllers.LeaderboardController.GetByUsername(System.String,System.String,System.Threading.CancellationToken)">
            <summary>
            获取指定用户名的排行榜条目（同列表字段）。
            </summary>
        </member>
        <member name="M:EcoLens.Api.Controllers.LeaderboardController.TopUsers(System.Threading.CancellationToken)">
            <summary>
            获取总减排量前 10 名用户。
            </summary>
        </member>
        <member name="M:EcoLens.Api.Controllers.LeaderboardController.Follow(System.Int32,System.Threading.CancellationToken)">
            <summary>
            关注某个用户。
            </summary>
        </member>
        <member name="M:EcoLens.Api.Controllers.LeaderboardController.Friends(System.Threading.CancellationToken)">
            <summary>
            获取我关注的人的排行榜数据（按总减排量排序）。
            </summary>
        </member>
        <member name="M:EcoLens.Api.Controllers.MediaController.Upload(Microsoft.AspNetCore.Http.IFormFile,System.Threading.CancellationToken)">
            <summary>
            上传图片到 wwwroot/uploads/{yyyyMMdd}/{guid}.ext 并返回相对 URL。
            </summary>
        </member>
        <member name="M:EcoLens.Api.Controllers.ProductController.GetByBarcode(System.String,System.Threading.CancellationToken)">
            <summary>
            通过条形码查询对应的商品碳因子。
            </summary>
        </member>
        <member name="M:EcoLens.Api.Controllers.RecordsController.List(System.Threading.CancellationToken)">
            <summary>
            获取当前用户的记录列表（仅 GET，需要的精简字段）。
            </summary>
        </member>
        <member name="M:EcoLens.Api.Controllers.RecordsController.Delete(System.Int32,System.Threading.CancellationToken)">
            <summary>
            删除指定记录（仅限当前用户的记录）。
            </summary>
        </member>
        <member name="M:EcoLens.Api.Controllers.SimpleFoodController.CalculateFood(EcoLens.Api.DTOs.Food.CalculateFoodRequest,System.Threading.CancellationToken)">
            <summary>
            计算食物排放（不落库）。
            - 入参：name, amount（kg）
            - 出参：name, amount, emission_factor, emission
            </summary>
        </member>
        <member name="M:EcoLens.Api.Controllers.SimpleFoodController.UpdateFood(EcoLens.Api.DTOs.Food.CalculateFoodRequest,System.Threading.CancellationToken)">
            <summary>
            更新食物（计算逻辑与 calculateFood 一致，不落库）。
            - 入参：name, amount（kg）
            - 出参：name, amount, emission_factor, emission
            </summary>
        </member>
        <member name="M:EcoLens.Api.Controllers.SimpleFoodController.AddFood(EcoLens.Api.DTOs.Food.AddFoodRequest,System.Threading.CancellationToken)">
            <summary>
            添加食物记录（落库）。
            - 入参：name, amount（kg）, emission_factor, emission, note
            - 出参：是否成功
            </summary>
        </member>
        <member name="M:EcoLens.Api.Controllers.StepController.Sync(EcoLens.Api.DTOs.Steps.SyncStepsRequestDto,System.Threading.CancellationToken)">
            <summary>
            同步计步数据：若当日存在记录则更新，否则创建。按照每 1000 步 = 0.1 kg 减排计算 CarbonOffset。
            自动累计到用户 TotalCarbonSaved 与 CurrentPoints。
            </summary>
        </member>
        <member name="T:EcoLens.Api.Controllers.TravelController">
            <summary>
            出行记录控制器
            </summary>
        </member>
        <member name="M:EcoLens.Api.Controllers.TravelController.GetUserId">
            <summary>
            从 JWT Token 中获取用户ID
            </summary>
        </member>
        <member name="M:EcoLens.Api.Controllers.TravelController.Create(EcoLens.Api.DTOs.Travel.CreateTravelLogDto,System.Threading.CancellationToken)">
            <summary>
            创建出行记录
            </summary>
            <remarks>
            根据出发地和目的地地址，调用 Google Maps API 计算路线和距离，
            根据出行方式计算碳排放量，并保存到数据库。
            
            **处理流程：**
            1. 地址转坐标（Geocoding API）
            2. 获取路线信息（Directions API，包含距离、时间、polyline）
            3. 根据出行方式查找碳排放因子
            4. 计算碳排放（距离 × 碳排放因子）
            5. 保存到数据库
            
            **示例请求：**
            ```json
            {
              "originAddress": "北京市朝阳区",
              "destinationAddress": "北京市海淀区",
              "transportMode": 3,
              "notes": "上班通勤"
            }
            ```
            </remarks>
            <param name="dto">创建出行记录的请求数据</param>
            <param name="ct">取消令牌</param>
            <returns>创建成功的出行记录详情</returns>
            <response code="200">创建成功，返回出行记录详情（包含路线 polyline）</response>
            <response code="400">请求参数错误、地址无法解析或路线获取失败</response>
            <response code="401">未授权，需要登录（Token 无效或过期）</response>
            <response code="500">服务器内部错误</response>
        </member>
        <member name="M:EcoLens.Api.Controllers.TravelController.CreateAlias(EcoLens.Api.DTOs.Travel.CreateTravelLogDto,System.Threading.CancellationToken)">
            <summary>
            路由别名：/api/records/travel（与前端文档对齐）。
            </summary>
        </member>
        <member name="M:EcoLens.Api.Controllers.TravelController.Preview(EcoLens.Api.DTOs.Travel.CreateTravelLogDto,System.Threading.CancellationToken)">
            <summary>
            预览路线和碳排放（不保存到数据库）
            </summary>
            <remarks>
            预览功能，用于在保存前查看路线信息、距离、时间和预估碳排放量。
            不会创建数据库记录，适合在用户确认前预览结果。
            
            **处理流程：**
            1. 地址转坐标（Geocoding API）
            2. 获取路线信息（Directions API）
            3. 计算预估碳排放
            4. 返回预览结果（不保存）
            
            **示例请求：**
            ```json
            {
              "originAddress": "北京市朝阳区",
              "destinationAddress": "北京市海淀区",
              "transportMode": 3
            }
            ```
            </remarks>
            <param name="dto">创建出行记录的请求数据</param>
            <param name="ct">取消令牌</param>
            <returns>路线预览信息（包含距离、时间、预估碳排放、polyline）</returns>
            <response code="200">预览成功，返回路线和碳排放信息</response>
            <response code="400">请求参数错误或地址无法解析</response>
            <response code="401">未授权，需要登录</response>
            <response code="500">服务器内部错误</response>
        </member>
        <!-- Badly formed XML comment ignored for member "M:EcoLens.Api.Controllers.TravelController.GetMyTravels(EcoLens.Api.DTOs.Travel.GetTravelLogsQueryDto,System.Threading.CancellationToken)" -->
        <member name="M:EcoLens.Api.Controllers.TravelController.GetById(System.Int32,System.Threading.CancellationToken)">
            <summary>
            根据ID获取单条出行记录详情
            </summary>
            <remarks>
            获取指定ID的出行记录详细信息。只能获取当前用户自己的记录。
            
            **返回数据：**
            - 完整的出行记录信息
            - 包含路线 polyline，可用于前端绘制地图
            - 包含出发地和目的地的坐标，可用于地图标记
            </remarks>
            <param name="id">出行记录ID</param>
            <param name="ct">取消令牌</param>
            <returns>出行记录详情</returns>
            <response code="200">获取成功，返回出行记录详情</response>
            <response code="401">未授权，需要登录</response>
            <response code="404">记录不存在或不属于当前用户</response>
            <response code="500">服务器内部错误</response>
        </member>
        <member name="M:EcoLens.Api.Controllers.TravelController.Delete(System.Int32,System.Threading.CancellationToken)">
            <summary>
            删除出行记录
            </summary>
            <remarks>
            删除指定ID的出行记录。只能删除当前用户自己的记录。
            
            **注意：**
            - 删除操作不可恢复
            - 只能删除自己的记录
            </remarks>
            <param name="id">出行记录ID</param>
            <param name="ct">取消令牌</param>
            <returns>删除结果</returns>
            <response code="200">删除成功</response>
            <response code="401">未授权，需要登录</response>
            <response code="404">记录不存在或不属于当前用户</response>
            <response code="500">服务器内部错误</response>
        </member>
        <!-- Badly formed XML comment ignored for member "M:EcoLens.Api.Controllers.TravelController.GetStatistics(System.Nullable{System.DateTime},System.Nullable{System.DateTime},System.Threading.CancellationToken)" -->
        <member name="M:EcoLens.Api.Controllers.TreesController.GetState(System.Threading.CancellationToken)">
            <summary>
            获取当前树的数量与状态（包含：totalTrees、currentProgress、status）。
            </summary>
        </member>
        <member name="M:EcoLens.Api.Controllers.TreesController.UpdateState(EcoLens.Api.Controllers.TreesController.UpdateTreeStateRequest,System.Threading.CancellationToken)">
            <summary>
            更新当前树的数量与状态（通过 currentProgress 表达状态）。
            </summary>
        </member>
        <member name="M:EcoLens.Api.Controllers.TripController.Calculate(EcoLens.Api.DTOs.Trip.TripCalculateRequestDto,System.Threading.CancellationToken)">
            <summary>
            计算两点间出行的预计排放（Mock）。
            </summary>
        </member>
        <member name="M:EcoLens.Api.Controllers.TripController.CalculateAlias(EcoLens.Api.DTOs.Trip.TripCalculateRequestDto,System.Threading.CancellationToken)">
            <summary>
            路由别名：/api/travel/route/calculate（与前端文档对齐）。
            </summary>
        </member>
        <member name="M:EcoLens.Api.Controllers.UserProfileController.GetProfile(System.Threading.CancellationToken)">
            <summary>
            获取当前登录用户的资料（含 Rank）。
            </summary>
        </member>
        <member name="M:EcoLens.Api.Controllers.UserProfileController.UpdateProfile(EcoLens.Api.DTOs.User.UpdateUserProfileDto,System.Threading.CancellationToken)">
            <summary>
            更新当前登录用户资料：nickname、email、location、birthDate、avatar。
            </summary>
        </member>
        <member name="M:EcoLens.Api.Controllers.UserProfileController.ChangePassword(EcoLens.Api.DTOs.User.ChangePasswordRequestDto,System.Threading.CancellationToken)">
            <summary>
            修改密码：验证旧密码后更新为新密码。
            </summary>
        </member>
        <member name="T:EcoLens.Api.Controllers.UtilityBillController">
            <summary>
            水电账单管理控制器
            </summary>
        </member>
        <member name="M:EcoLens.Api.Controllers.UtilityBillController.GetUserId">
            <summary>
            从 JWT Token 中获取用户ID
            </summary>
        </member>
        <member name="M:EcoLens.Api.Controllers.UtilityBillController.Upload(EcoLens.Api.DTOs.UtilityBill.UploadUtilityBillDto,System.Threading.CancellationToken)">
            <summary>
            上传账单文件并自动处理（OCR识别 → 数据提取 → 碳排放计算 → 保存）
            </summary>
            <remarks>
            上传账单文件（支持图片：JPG、PNG、BMP、WEBP，或PDF文件），系统会自动识别账单内容，
            提取用量数据和账单周期，计算碳排放，并保存到数据库。
            
            **处理流程：**
            1. 文件验证（类型、大小）
            2. OCR识别（Google Cloud Vision API）
            3. 数据提取（从OCR文本中提取用量、日期等）
            4. 碳排放计算（根据用量和排放因子）
            5. 保存到数据库
            
            **支持的文件格式：**
            - 图片：JPG、JPEG、PNG、BMP、WEBP
            - 文档：PDF（支持多页）
            
            **文件大小限制：**
            - 最大 10MB
            
            **示例请求：**
            ```
            POST /api/utility-bills/upload
            Content-Type: multipart/form-data
            
            file: [账单图片或PDF文件]
            ```
            
            **注意事项：**
            - 如果OCR识别失败，会返回错误，建议使用手动输入
            - 如果数据提取不完整，会返回错误，建议使用手动输入补充
            - 上传的文件不会保存，只保存提取的数据
            </remarks>
            <param name="dto">上传账单文件的请求数据</param>
            <param name="ct">取消令牌</param>
            <returns>处理后的账单详情</returns>
            <response code="200">处理成功，返回账单详情（包含识别的数据和计算的碳排放）</response>
            <response code="400">文件验证失败、OCR识别失败或数据提取失败</response>
            <response code="401">未授权，需要登录（Token 无效或过期）</response>
            <response code="500">服务器内部错误</response>
        </member>
        <member name="M:EcoLens.Api.Controllers.UtilityBillController.UploadAlias(EcoLens.Api.DTOs.UtilityBill.UploadUtilityBillDto,System.Threading.CancellationToken)">
            <summary>
            路由别名：/api/vision/utility-bill（与前端文档对齐，转到上传并处理）。
            </summary>
        </member>
        <member name="M:EcoLens.Api.Controllers.UtilityBillController.CreateManually(EcoLens.Api.DTOs.UtilityBill.CreateUtilityBillManuallyDto,System.Threading.CancellationToken)">
            <summary>
            手动创建账单（碳排放计算 → 保存）
            </summary>
            <remarks>
            手动输入账单数据，系统会自动计算碳排放并保存到数据库。
            
            **处理流程：**
            1. 输入验证（日期范围、用量等）
            2. 碳排放计算（根据用量和排放因子）
            3. 保存到数据库
            
            **账单类型说明：**
            - 0: 电费（Electricity）
            - 1: 水费（Water）
            - 2: 燃气费（Gas）
            - 3: 综合账单（Combined）
            
            **用量单位：**
            - 用电量：kWh
            - 用水量：m³
            - 用气量：kWh 或 m³
            
            **示例请求：**
            ```json
            {
              "billType": 0,
              "billPeriodStart": "2024-01-01T00:00:00",
              "billPeriodEnd": "2024-01-31T23:59:59",
              "electricityUsage": 150.5,
              "waterUsage": null,
              "gasUsage": null
            }
            ```
            </remarks>
            <param name="dto">手动输入账单数据</param>
            <param name="ct">取消令牌</param>
            <returns>创建的账单详情</returns>
            <response code="200">创建成功，返回账单详情（包含计算的碳排放）</response>
            <response code="400">请求参数验证失败</response>
            <response code="401">未授权，需要登录</response>
            <response code="500">服务器内部错误</response>
        </member>
        <!-- Badly formed XML comment ignored for member "M:EcoLens.Api.Controllers.UtilityBillController.GetMyBills(EcoLens.Api.DTOs.UtilityBill.GetUtilityBillsQueryDto,System.Threading.CancellationToken)" -->
        <member name="M:EcoLens.Api.Controllers.UtilityBillController.GetBillDebugInfo(System.Int32,System.Threading.CancellationToken)">
            <summary>
            调试端点：获取OCR文本和日期解析信息（临时，用于调试）
            </summary>
        </member>
        <member name="M:EcoLens.Api.Controllers.UtilityBillController.Delete(System.Int32,System.Threading.CancellationToken)">
            <summary>
            删除账单
            </summary>
            <remarks>
            删除指定ID的账单。只能删除当前用户自己的记录。
            
            **注意：**
            - 删除操作不可恢复
            - 只能删除自己的记录
            
            **示例请求：**
            ```
            DELETE /api/utility-bills/1
            ```
            </remarks>
            <param name="id">账单ID</param>
            <param name="ct">取消令牌</param>
            <returns>删除结果</returns>
            <response code="200">删除成功</response>
            <response code="401">未授权，需要登录</response>
            <response code="404">账单不存在或不属于当前用户</response>
            <response code="500">服务器内部错误</response>
        </member>
        <!-- Badly formed XML comment ignored for member "M:EcoLens.Api.Controllers.UtilityBillController.GetStatistics(System.Nullable{System.DateTime},System.Nullable{System.DateTime},System.Threading.CancellationToken)" -->
        <member name="M:EcoLens.Api.Controllers.UtilityController.Ocr(Microsoft.AspNetCore.Http.IFormFile,System.Threading.CancellationToken)">
            <summary>
            账单 OCR（Mock）：接收图片并返回模拟的水电气用量。
            </summary>
        </member>
        <member name="M:EcoLens.Api.Controllers.UtilityController.UtilityOcrAlias(Microsoft.AspNetCore.Http.IFormFile,System.Threading.CancellationToken)">
            <summary>
            路由别名：/api/vision/utility-ocr（与前端文档对齐）。表单字段名：file
            </summary>
        </member>
        <member name="M:EcoLens.Api.Controllers.UtilityController.SaveRecord(EcoLens.Api.Controllers.UtilityController.UpsertUtilityRecordDto,System.Threading.CancellationToken)">
            <summary>
            保存一条 Utility 账单记录，并基于参考因子生成对应的 ActivityLog（每个非零用量各一条）。
            </summary>
        </member>
        <member name="M:EcoLens.Api.Controllers.UtilityController.CreateUtilitiesRecord(EcoLens.Api.Controllers.UtilityController.CreateUtilitiesRecordRequest,System.Threading.CancellationToken)">
            <summary>
            路由别名：/api/records/utilities（与前端文档对齐）。
            </summary>
        </member>
        <member name="M:EcoLens.Api.Controllers.UtilityController.MyRecords(System.Threading.CancellationToken)">
            <summary>
            获取当前用户的 Utility 账单记录（按月份倒序）。
            </summary>
        </member>
        <member name="M:EcoLens.Api.Controllers.VisionController.Analyze(Microsoft.AspNetCore.Http.IFormFile,System.Threading.CancellationToken)">
            <summary>
            调用 Python FastAPI 的图像识别服务，返回融合后的预测结果。
            </summary>
        </member>
        <member name="M:EcoLens.Api.Controllers.VisionController.Recognize(Microsoft.AspNetCore.Http.IFormFile,System.Threading.CancellationToken)">
            <summary>
            路由别名：/api/vision/recognize（与前端文档对齐）。
            </summary>
        </member>
        <member name="M:EcoLens.Api.Controllers.VisionController.MealDetect(Microsoft.AspNetCore.Http.IFormFile,System.Threading.CancellationToken)">
            <summary>
            路由别名：/api/vision/meal-detect（与前端文档对齐）。
            </summary>
        </member>
        <member name="M:EcoLens.Api.Controllers.VisionController.MealPhoto(Microsoft.AspNetCore.Http.IFormFile,System.Threading.CancellationToken)">
            <summary>
            路由别名：/api/vision/meal-photo（与前端文档对齐）。
            </summary>
        </member>
        <member name="P:EcoLens.Api.DTOs.Activity.ActivityLogResponseDto.Category">
            <summary>
            记录类别（Food/Transport/Utility）
            </summary>
        </member>
        <member name="P:EcoLens.Api.DTOs.Activity.ActivityLogResponseDto.EmissionUnit">
            <summary>
            显示给用户的排放单位（固定为 kg CO2e）
            </summary>
        </member>
        <member name="P:EcoLens.Api.DTOs.Activity.ActivityLogResponseDto.FactorUnit">
            <summary>
            因子单位（例如 kgCO2/kWh, kgCO2/km）
            </summary>
        </member>
        <member name="P:EcoLens.Api.DTOs.Activity.ActivityLogResponseDto.Description">
            <summary>
            展示给用户的描述（优先使用识别标签，其次使用参考标签）
            </summary>
        </member>
        <member name="P:EcoLens.Api.DTOs.Barcode.BarcodeReferenceResponseDto.Source">
            <summary>碳排放因子来源：OpenFoodFacts / Climatiq / Local</summary>
        </member>
        <member name="P:EcoLens.Api.DTOs.Barcode.BarcodeReferenceResponseDto.ClimatiqActivityId">
            <summary>Climatiq Activity ID（如果 Source=Climatiq）</summary>
        </member>
        <member name="P:EcoLens.Api.DTOs.Food.FoodCalculateByNameRequest.Quantity">
            <summary>
            输入的份量数值，例如 200
            </summary>
        </member>
        <member name="P:EcoLens.Api.DTOs.Food.FoodCalculateByNameRequest.Unit">
            <summary>
            输入的份量单位，支持：g, kg, portion(份/份量/serving)
            </summary>
        </member>
        <member name="P:EcoLens.Api.DTOs.Food.FoodCalculationResultDto.Co2Factor">
            <summary>
            查询到的碳排放因子（与 FactorUnit 对应的单位一致）
            </summary>
        </member>
        <member name="P:EcoLens.Api.DTOs.Food.FoodCalculationResultDto.FactorUnit">
            <summary>
            碳因子的单位（例如：kg 或 g）
            </summary>
        </member>
        <member name="P:EcoLens.Api.DTOs.Food.FoodCalculationResultDto.Quantity">
            <summary>
            前端提交的份量数值
            </summary>
        </member>
        <member name="P:EcoLens.Api.DTOs.Food.FoodCalculationResultDto.QuantityUnit">
            <summary>
            前端提交的份量单位
            </summary>
        </member>
        <member name="P:EcoLens.Api.DTOs.Food.FoodCalculationResultDto.NormalizedQuantityInFactorUnit">
            <summary>
            将份量换算到碳因子单位后的数值
            </summary>
        </member>
        <member name="P:EcoLens.Api.DTOs.Food.FoodCalculationResultDto.TotalEmission">
            <summary>
            计算得到的总碳排放量（单位同 FactorUnit）
            </summary>
        </member>
        <member name="P:EcoLens.Api.DTOs.Food.CalculateFoodRequest.Amount">
            <summary>
            数量（单位：kg）
            </summary>
        </member>
        <member name="P:EcoLens.Api.DTOs.Food.FoodCalcResponse.EmissionFactor">
            <summary>
            排放因子（kgCO2/kg）
            </summary>
        </member>
        <member name="P:EcoLens.Api.DTOs.Food.FoodCalcResponse.Emission">
            <summary>
            总排放量（kgCO2）
            </summary>
        </member>
        <member name="P:EcoLens.Api.DTOs.Food.AddFoodRequest.Amount">
            <summary>
            数量（单位：kg）
            </summary>
        </member>
        <member name="T:EcoLens.Api.DTOs.OpenFoodFacts.EcoScoreDataJsonConverter">
            <summary>
            Open Food Facts 的 ecoscore_data 可能是对象，也可能是 JSON 字符串，本转换器两种都支持。
            </summary>
        </member>
        <member name="P:EcoLens.Api.DTOs.OpenFoodFacts.EcoScoreDataDto.AgribalyseCo2Total">
            <summary>OFF 部分产品在 ecoscore_data 根节点提供 agribalyse_co2_total（kg CO2e/kg），作为 Agribalyse.Co2Total 的备用。</summary>
        </member>
        <member name="T:EcoLens.Api.DTOs.Travel.CreateTravelLogDto">
            <summary>
            创建出行记录的请求 DTO
            </summary>
        </member>
        <member name="P:EcoLens.Api.DTOs.Travel.CreateTravelLogDto.OriginAddress">
            <summary>
            出发地地址（例如：北京市朝阳区，或新加坡邮编如160149）
            </summary>
        </member>
        <member name="P:EcoLens.Api.DTOs.Travel.CreateTravelLogDto.DestinationAddress">
            <summary>
            目的地地址（例如：北京市海淀区，或新加坡邮编如160149）
            </summary>
        </member>
        <member name="P:EcoLens.Api.DTOs.Travel.CreateTravelLogDto.TransportMode">
            <summary>
            出行方式
            </summary>
            <remarks>
            枚举值说明：
            - 0: 步行（Walking）
            - 1: 自行车（Bicycle）
            - 2: 电动车（ElectricBike）
            - 3: 地铁（Subway）
            - 4: 公交车（Bus）
            - 5: 出租车/网约车（Taxi）
            - 6: 私家车（汽油）（CarGasoline）
            - 7: 私家车（电动车）（CarElectric）
            - 8: 轮船（Ship）
            - 9: 飞机（Plane）
            </remarks>
            <example>3</example>
        </member>
        <member name="P:EcoLens.Api.DTOs.Travel.CreateTravelLogDto.Notes">
            <summary>
            备注（可选）
            </summary>
        </member>
        <member name="T:EcoLens.Api.DTOs.Travel.GetTravelLogsQueryDto">
            <summary>
            获取出行记录列表的查询参数
            </summary>
        </member>
        <member name="P:EcoLens.Api.DTOs.Travel.GetTravelLogsQueryDto.StartDate">
            <summary>
            开始日期（可选，格式：yyyy-MM-dd）
            </summary>
        </member>
        <member name="P:EcoLens.Api.DTOs.Travel.GetTravelLogsQueryDto.EndDate">
            <summary>
            结束日期（可选，格式：yyyy-MM-dd）
            </summary>
        </member>
        <member name="P:EcoLens.Api.DTOs.Travel.GetTravelLogsQueryDto.TransportMode">
            <summary>
            出行方式筛选（可选）
            </summary>
        </member>
        <member name="P:EcoLens.Api.DTOs.Travel.GetTravelLogsQueryDto.Page">
            <summary>
            页码（从1开始，默认1）
            </summary>
        </member>
        <member name="P:EcoLens.Api.DTOs.Travel.GetTravelLogsQueryDto.PageSize">
            <summary>
            每页数量（默认20，最大100）
            </summary>
        </member>
        <member name="T:EcoLens.Api.DTOs.Travel.PagedResultDto`1">
            <summary>
            分页结果
            </summary>
            <typeparam name="T">数据类型</typeparam>
        </member>
        <member name="P:EcoLens.Api.DTOs.Travel.PagedResultDto`1.Items">
            <summary>
            数据列表
            </summary>
        </member>
        <member name="P:EcoLens.Api.DTOs.Travel.PagedResultDto`1.TotalCount">
            <summary>
            总记录数
            </summary>
        </member>
        <member name="P:EcoLens.Api.DTOs.Travel.PagedResultDto`1.Page">
            <summary>
            当前页码
            </summary>
        </member>
        <member name="P:EcoLens.Api.DTOs.Travel.PagedResultDto`1.PageSize">
            <summary>
            每页数量
            </summary>
        </member>
        <member name="P:EcoLens.Api.DTOs.Travel.PagedResultDto`1.TotalPages">
            <summary>
            总页数
            </summary>
        </member>
        <member name="P:EcoLens.Api.DTOs.Travel.PagedResultDto`1.HasPreviousPage">
            <summary>
            是否有上一页
            </summary>
        </member>
        <member name="P:EcoLens.Api.DTOs.Travel.PagedResultDto`1.HasNextPage">
            <summary>
            是否有下一页
            </summary>
        </member>
        <member name="T:EcoLens.Api.DTOs.Travel.RoutePreviewDto">
            <summary>
            路线预览 DTO（不保存到数据库，仅用于预览）
            </summary>
        </member>
        <member name="P:EcoLens.Api.DTOs.Travel.RoutePreviewDto.OriginAddress">
            <summary>
            出发地地址
            </summary>
        </member>
        <member name="P:EcoLens.Api.DTOs.Travel.RoutePreviewDto.OriginLatitude">
            <summary>
            出发地纬度
            </summary>
        </member>
        <member name="P:EcoLens.Api.DTOs.Travel.RoutePreviewDto.OriginLongitude">
            <summary>
            出发地经度
            </summary>
        </member>
        <member name="P:EcoLens.Api.DTOs.Travel.RoutePreviewDto.DestinationAddress">
            <summary>
            目的地地址
            </summary>
        </member>
        <member name="P:EcoLens.Api.DTOs.Travel.RoutePreviewDto.DestinationLatitude">
            <summary>
            目的地纬度
            </summary>
        </member>
        <member name="P:EcoLens.Api.DTOs.Travel.RoutePreviewDto.DestinationLongitude">
            <summary>
            目的地经度
            </summary>
        </member>
        <member name="P:EcoLens.Api.DTOs.Travel.RoutePreviewDto.TransportMode">
            <summary>
            出行方式
            </summary>
        </member>
        <member name="P:EcoLens.Api.DTOs.Travel.RoutePreviewDto.TransportModeName">
            <summary>
            出行方式名称（中文）
            </summary>
        </member>
        <member name="P:EcoLens.Api.DTOs.Travel.RoutePreviewDto.DistanceMeters">
            <summary>
            路线距离（米）
            </summary>
        </member>
        <member name="P:EcoLens.Api.DTOs.Travel.RoutePreviewDto.DistanceKilometers">
            <summary>
            路线距离（公里）
            </summary>
        </member>
        <member name="P:EcoLens.Api.DTOs.Travel.RoutePreviewDto.DurationSeconds">
            <summary>
            预计行驶时间（秒）
            </summary>
        </member>
        <member name="P:EcoLens.Api.DTOs.Travel.RoutePreviewDto.DurationText">
            <summary>
            预计行驶时间（格式化字符串，例如：30分钟）
            </summary>
        </member>
        <member name="P:EcoLens.Api.DTOs.Travel.RoutePreviewDto.EstimatedCarbonEmission">
            <summary>
            预估碳排放量（kg CO2）
            </summary>
        </member>
        <member name="P:EcoLens.Api.DTOs.Travel.RoutePreviewDto.RoutePolyline">
            <summary>
            路线编码（Google Maps polyline，用于前端绘制地图路线）
            </summary>
        </member>
        <member name="T:EcoLens.Api.DTOs.Travel.TravelLogResponseDto">
            <summary>
            出行记录的响应 DTO
            </summary>
        </member>
        <member name="P:EcoLens.Api.DTOs.Travel.TravelLogResponseDto.Id">
            <summary>
            记录ID
            </summary>
        </member>
        <member name="P:EcoLens.Api.DTOs.Travel.TravelLogResponseDto.CreatedAt">
            <summary>
            创建时间
            </summary>
        </member>
        <member name="P:EcoLens.Api.DTOs.Travel.TravelLogResponseDto.TransportMode">
            <summary>
            出行方式
            </summary>
        </member>
        <member name="P:EcoLens.Api.DTOs.Travel.TravelLogResponseDto.TransportModeName">
            <summary>
            出行方式名称（中文）
            </summary>
        </member>
        <member name="P:EcoLens.Api.DTOs.Travel.TravelLogResponseDto.OriginAddress">
            <summary>
            出发地地址
            </summary>
        </member>
        <member name="P:EcoLens.Api.DTOs.Travel.TravelLogResponseDto.OriginLatitude">
            <summary>
            出发地纬度
            </summary>
        </member>
        <member name="P:EcoLens.Api.DTOs.Travel.TravelLogResponseDto.OriginLongitude">
            <summary>
            出发地经度
            </summary>
        </member>
        <member name="P:EcoLens.Api.DTOs.Travel.TravelLogResponseDto.DestinationAddress">
            <summary>
            目的地地址
            </summary>
        </member>
        <member name="P:EcoLens.Api.DTOs.Travel.TravelLogResponseDto.DestinationLatitude">
            <summary>
            目的地纬度
            </summary>
        </member>
        <member name="P:EcoLens.Api.DTOs.Travel.TravelLogResponseDto.DestinationLongitude">
            <summary>
            目的地经度
            </summary>
        </member>
        <member name="P:EcoLens.Api.DTOs.Travel.TravelLogResponseDto.DistanceMeters">
            <summary>
            路线距离（米）
            </summary>
        </member>
        <member name="P:EcoLens.Api.DTOs.Travel.TravelLogResponseDto.DistanceKilometers">
            <summary>
            路线距离（公里）
            </summary>
        </member>
        <member name="P:EcoLens.Api.DTOs.Travel.TravelLogResponseDto.DurationSeconds">
            <summary>
            预计行驶时间（秒）
            </summary>
        </member>
        <member name="P:EcoLens.Api.DTOs.Travel.TravelLogResponseDto.DurationText">
            <summary>
            预计行驶时间（格式化字符串，例如：30分钟）
            </summary>
        </member>
        <member name="P:EcoLens.Api.DTOs.Travel.TravelLogResponseDto.CarbonEmission">
            <summary>
            碳排放量（kg CO2）
            </summary>
        </member>
        <member name="P:EcoLens.Api.DTOs.Travel.TravelLogResponseDto.RoutePolyline">
            <summary>
            路线编码（Google Maps polyline，用于前端绘制地图路线）
            </summary>
        </member>
        <member name="P:EcoLens.Api.DTOs.Travel.TravelLogResponseDto.Notes">
            <summary>
            备注
            </summary>
        </member>
        <member name="T:EcoLens.Api.DTOs.Travel.TravelStatisticsDto">
            <summary>
            出行记录统计信息
            </summary>
        </member>
        <member name="P:EcoLens.Api.DTOs.Travel.TravelStatisticsDto.TotalRecords">
            <summary>
            总记录数
            </summary>
        </member>
        <member name="P:EcoLens.Api.DTOs.Travel.TravelStatisticsDto.TotalDistanceKilometers">
            <summary>
            总距离（公里）
            </summary>
        </member>
        <member name="P:EcoLens.Api.DTOs.Travel.TravelStatisticsDto.TotalCarbonEmission">
            <summary>
            总碳排放量（kg CO2）
            </summary>
        </member>
        <member name="P:EcoLens.Api.DTOs.Travel.TravelStatisticsDto.ByTransportMode">
            <summary>
            按出行方式统计
            </summary>
        </member>
        <member name="T:EcoLens.Api.DTOs.Travel.TransportModeStatisticsDto">
            <summary>
            按出行方式的统计信息
            </summary>
        </member>
        <member name="P:EcoLens.Api.DTOs.Travel.TransportModeStatisticsDto.TransportMode">
            <summary>
            出行方式
            </summary>
        </member>
        <member name="P:EcoLens.Api.DTOs.Travel.TransportModeStatisticsDto.TransportModeName">
            <summary>
            出行方式名称
            </summary>
        </member>
        <member name="P:EcoLens.Api.DTOs.Travel.TransportModeStatisticsDto.RecordCount">
            <summary>
            记录数
            </summary>
        </member>
        <member name="P:EcoLens.Api.DTOs.Travel.TransportModeStatisticsDto.TotalDistanceKilometers">
            <summary>
            总距离（公里）
            </summary>
        </member>
        <member name="P:EcoLens.Api.DTOs.Travel.TransportModeStatisticsDto.TotalCarbonEmission">
            <summary>
            总碳排放量（kg CO2）
            </summary>
        </member>
        <member name="T:EcoLens.Api.DTOs.UtilityBill.CreateUtilityBillManuallyDto">
            <summary>
            手动创建账单的请求 DTO
            </summary>
        </member>
        <member name="P:EcoLens.Api.DTOs.UtilityBill.CreateUtilityBillManuallyDto.BillType">
            <summary>
            账单类型
            </summary>
            <remarks>
            枚举值说明：
            - 0: 电费（Electricity）
            - 1: 水费（Water）
            - 2: 燃气费（Gas）
            - 3: 综合账单（Combined）
            </remarks>
        </member>
        <member name="P:EcoLens.Api.DTOs.UtilityBill.CreateUtilityBillManuallyDto.BillPeriodStart">
            <summary>
            账单周期开始日期
            </summary>
        </member>
        <member name="P:EcoLens.Api.DTOs.UtilityBill.CreateUtilityBillManuallyDto.BillPeriodEnd">
            <summary>
            账单周期结束日期
            </summary>
        </member>
        <member name="P:EcoLens.Api.DTOs.UtilityBill.CreateUtilityBillManuallyDto.ElectricityUsage">
            <summary>
            用电量（kWh），可选
            </summary>
        </member>
        <member name="P:EcoLens.Api.DTOs.UtilityBill.CreateUtilityBillManuallyDto.WaterUsage">
            <summary>
            用水量（m³），可选
            </summary>
        </member>
        <member name="P:EcoLens.Api.DTOs.UtilityBill.CreateUtilityBillManuallyDto.GasUsage">
            <summary>
            用气量（kWh 或 m³），可选
            </summary>
        </member>
        <member name="T:EcoLens.Api.DTOs.UtilityBill.GetUtilityBillsQueryDto">
            <summary>
            获取账单列表的查询参数 DTO
            </summary>
        </member>
        <member name="P:EcoLens.Api.DTOs.UtilityBill.GetUtilityBillsQueryDto.StartDate">
            <summary>
            开始日期（可选，格式：yyyy-MM-dd）
            </summary>
        </member>
        <member name="P:EcoLens.Api.DTOs.UtilityBill.GetUtilityBillsQueryDto.EndDate">
            <summary>
            结束日期（可选，格式：yyyy-MM-dd）
            </summary>
        </member>
        <member name="P:EcoLens.Api.DTOs.UtilityBill.GetUtilityBillsQueryDto.BillType">
            <summary>
            账单类型筛选（可选）
            </summary>
            <remarks>
            枚举值说明：
            - 0: 电费（Electricity）
            - 1: 水费（Water）
            - 2: 燃气费（Gas）
            - 3: 综合账单（Combined）
            </remarks>
        </member>
        <member name="P:EcoLens.Api.DTOs.UtilityBill.GetUtilityBillsQueryDto.Page">
            <summary>
            页码（从1开始，默认1）
            </summary>
        </member>
        <member name="P:EcoLens.Api.DTOs.UtilityBill.GetUtilityBillsQueryDto.PageSize">
            <summary>
            每页数量（默认20，最大100）
            </summary>
        </member>
        <member name="T:EcoLens.Api.DTOs.UtilityBill.UploadUtilityBillDto">
            <summary>
            上传账单文件的请求 DTO
            </summary>
        </member>
        <member name="P:EcoLens.Api.DTOs.UtilityBill.UploadUtilityBillDto.File">
            <summary>
            账单文件（支持图片：JPG、PNG、BMP、WEBP，或PDF文件）
            </summary>
        </member>
        <member name="T:EcoLens.Api.DTOs.UtilityBill.UtilityBillResponseDto">
            <summary>
            账单响应 DTO
            </summary>
        </member>
        <member name="P:EcoLens.Api.DTOs.UtilityBill.UtilityBillResponseDto.Id">
            <summary>
            账单ID
            </summary>
        </member>
        <member name="P:EcoLens.Api.DTOs.UtilityBill.UtilityBillResponseDto.BillType">
            <summary>
            账单类型
            </summary>
        </member>
        <member name="P:EcoLens.Api.DTOs.UtilityBill.UtilityBillResponseDto.BillTypeName">
            <summary>
            账单类型名称（中文）
            </summary>
        </member>
        <member name="P:EcoLens.Api.DTOs.UtilityBill.UtilityBillResponseDto.BillPeriodStart">
            <summary>
            账单周期开始日期
            </summary>
        </member>
        <member name="P:EcoLens.Api.DTOs.UtilityBill.UtilityBillResponseDto.BillPeriodEnd">
            <summary>
            账单周期结束日期
            </summary>
        </member>
        <member name="P:EcoLens.Api.DTOs.UtilityBill.UtilityBillResponseDto.ElectricityUsage">
            <summary>
            用电量（kWh）
            </summary>
        </member>
        <member name="P:EcoLens.Api.DTOs.UtilityBill.UtilityBillResponseDto.WaterUsage">
            <summary>
            用水量（m³）
            </summary>
        </member>
        <member name="P:EcoLens.Api.DTOs.UtilityBill.UtilityBillResponseDto.GasUsage">
            <summary>
            用气量（kWh 或 m³）
            </summary>
        </member>
        <member name="P:EcoLens.Api.DTOs.UtilityBill.UtilityBillResponseDto.ElectricityCarbonEmission">
            <summary>
            电力碳排放（kg CO2）
            </summary>
        </member>
        <member name="P:EcoLens.Api.DTOs.UtilityBill.UtilityBillResponseDto.WaterCarbonEmission">
            <summary>
            水碳排放（kg CO2）
            </summary>
        </member>
        <member name="P:EcoLens.Api.DTOs.UtilityBill.UtilityBillResponseDto.GasCarbonEmission">
            <summary>
            燃气碳排放（kg CO2）
            </summary>
        </member>
        <member name="P:EcoLens.Api.DTOs.UtilityBill.UtilityBillResponseDto.TotalCarbonEmission">
            <summary>
            总碳排放（kg CO2）
            </summary>
        </member>
        <member name="P:EcoLens.Api.DTOs.UtilityBill.UtilityBillResponseDto.InputMethod">
            <summary>
            输入方式
            </summary>
        </member>
        <member name="P:EcoLens.Api.DTOs.UtilityBill.UtilityBillResponseDto.InputMethodName">
            <summary>
            输入方式名称（中文）
            </summary>
        </member>
        <member name="P:EcoLens.Api.DTOs.UtilityBill.UtilityBillResponseDto.OcrConfidence">
            <summary>
            OCR识别置信度（0-1，仅自动识别时有值）
            </summary>
        </member>
        <member name="P:EcoLens.Api.DTOs.UtilityBill.UtilityBillResponseDto.OcrRawText">
            <summary>
            OCR识别的原始文本（仅用于调试，生产环境可移除）
            </summary>
        </member>
        <member name="P:EcoLens.Api.DTOs.UtilityBill.UtilityBillResponseDto.CreatedAt">
            <summary>
            创建时间
            </summary>
        </member>
        <member name="T:EcoLens.Api.DTOs.UtilityBill.UtilityBillStatisticsDto">
            <summary>
            账单统计信息响应 DTO
            </summary>
        </member>
        <member name="P:EcoLens.Api.DTOs.UtilityBill.UtilityBillStatisticsDto.TotalRecords">
            <summary>
            总记录数
            </summary>
        </member>
        <member name="P:EcoLens.Api.DTOs.UtilityBill.UtilityBillStatisticsDto.TotalElectricityUsage">
            <summary>
            总用电量（kWh）
            </summary>
        </member>
        <member name="P:EcoLens.Api.DTOs.UtilityBill.UtilityBillStatisticsDto.TotalWaterUsage">
            <summary>
            总用水量（m³）
            </summary>
        </member>
        <member name="P:EcoLens.Api.DTOs.UtilityBill.UtilityBillStatisticsDto.TotalGasUsage">
            <summary>
            总用气量（kWh 或 m³）
            </summary>
        </member>
        <member name="P:EcoLens.Api.DTOs.UtilityBill.UtilityBillStatisticsDto.TotalCarbonEmission">
            <summary>
            总碳排放（kg CO2）
            </summary>
        </member>
        <member name="P:EcoLens.Api.DTOs.UtilityBill.UtilityBillStatisticsDto.ByBillType">
            <summary>
            按账单类型统计
            </summary>
        </member>
        <member name="T:EcoLens.Api.DTOs.UtilityBill.BillTypeStatisticsDto">
            <summary>
            按账单类型的统计信息
            </summary>
        </member>
        <member name="P:EcoLens.Api.DTOs.UtilityBill.BillTypeStatisticsDto.BillType">
            <summary>
            账单类型
            </summary>
        </member>
        <member name="P:EcoLens.Api.DTOs.UtilityBill.BillTypeStatisticsDto.BillTypeName">
            <summary>
            账单类型名称（中文）
            </summary>
        </member>
        <member name="P:EcoLens.Api.DTOs.UtilityBill.BillTypeStatisticsDto.RecordCount">
            <summary>
            记录数
            </summary>
        </member>
        <member name="P:EcoLens.Api.DTOs.UtilityBill.BillTypeStatisticsDto.TotalElectricityUsage">
            <summary>
            总用电量（kWh）
            </summary>
        </member>
        <member name="P:EcoLens.Api.DTOs.UtilityBill.BillTypeStatisticsDto.TotalWaterUsage">
            <summary>
            总用水量（m³）
            </summary>
        </member>
        <member name="P:EcoLens.Api.DTOs.UtilityBill.BillTypeStatisticsDto.TotalGasUsage">
            <summary>
            总用气量（kWh 或 m³）
            </summary>
        </member>
        <member name="P:EcoLens.Api.DTOs.UtilityBill.BillTypeStatisticsDto.TotalCarbonEmission">
            <summary>
            总碳排放（kg CO2）
            </summary>
        </member>
        <member name="T:EcoLens.Api.Migrations.InitialCreate">
            <inheritdoc />
        </member>
        <member name="M:EcoLens.Api.Migrations.InitialCreate.Up(Microsoft.EntityFrameworkCore.Migrations.MigrationBuilder)">
            <inheritdoc />
        </member>
        <member name="M:EcoLens.Api.Migrations.InitialCreate.Down(Microsoft.EntityFrameworkCore.Migrations.MigrationBuilder)">
            <inheritdoc />
        </member>
        <member name="M:EcoLens.Api.Migrations.InitialCreate.BuildTargetModel(Microsoft.EntityFrameworkCore.ModelBuilder)">
            <inheritdoc />
        </member>
        <member name="T:EcoLens.Api.Migrations.AddTreeStateFields">
            <inheritdoc />
        </member>
        <member name="M:EcoLens.Api.Migrations.AddTreeStateFields.Up(Microsoft.EntityFrameworkCore.Migrations.MigrationBuilder)">
            <inheritdoc />
        </member>
        <member name="M:EcoLens.Api.Migrations.AddTreeStateFields.Down(Microsoft.EntityFrameworkCore.Migrations.MigrationBuilder)">
            <inheritdoc />
        </member>
        <member name="M:EcoLens.Api.Migrations.AddTreeStateFields.BuildTargetModel(Microsoft.EntityFrameworkCore.ModelBuilder)">
            <inheritdoc />
        </member>
        <member name="T:EcoLens.Api.Models.Enums.InputMethod">
            <summary>
            账单输入方式枚举
            </summary>
        </member>
        <member name="F:EcoLens.Api.Models.Enums.InputMethod.Auto">
            <summary>
            自动识别（OCR）
            </summary>
        </member>
        <member name="F:EcoLens.Api.Models.Enums.InputMethod.Manual">
            <summary>
            手动输入
            </summary>
        </member>
        <member name="T:EcoLens.Api.Models.Enums.TransportMode">
            <summary>
            出行方式枚举
            </summary>
        </member>
        <member name="F:EcoLens.Api.Models.Enums.TransportMode.Walking">
            <summary>
            步行
            </summary>
        </member>
        <member name="F:EcoLens.Api.Models.Enums.TransportMode.Bicycle">
            <summary>
            自行车
            </summary>
        </member>
        <member name="F:EcoLens.Api.Models.Enums.TransportMode.ElectricBike">
            <summary>
            电动车
            </summary>
        </member>
        <member name="F:EcoLens.Api.Models.Enums.TransportMode.Subway">
            <summary>
            地铁
            </summary>
        </member>
        <member name="F:EcoLens.Api.Models.Enums.TransportMode.Bus">
            <summary>
            公交车
            </summary>
        </member>
        <member name="F:EcoLens.Api.Models.Enums.TransportMode.Taxi">
            <summary>
            出租车/网约车
            </summary>
        </member>
        <member name="F:EcoLens.Api.Models.Enums.TransportMode.CarGasoline">
            <summary>
            私家车（汽油）
            </summary>
        </member>
        <member name="F:EcoLens.Api.Models.Enums.TransportMode.CarElectric">
            <summary>
            私家车（电动车）
            </summary>
        </member>
        <member name="F:EcoLens.Api.Models.Enums.TransportMode.Ship">
            <summary>
            轮船
            </summary>
        </member>
        <member name="F:EcoLens.Api.Models.Enums.TransportMode.Plane">
            <summary>
            飞机
            </summary>
        </member>
        <member name="T:EcoLens.Api.Models.Enums.UtilityBillType">
            <summary>
            水电账单类型枚举
            </summary>
        </member>
        <member name="F:EcoLens.Api.Models.Enums.UtilityBillType.Electricity">
            <summary>
            电费账单
            </summary>
        </member>
        <member name="F:EcoLens.Api.Models.Enums.UtilityBillType.Water">
            <summary>
            水费账单
            </summary>
        </member>
        <member name="F:EcoLens.Api.Models.Enums.UtilityBillType.Gas">
            <summary>
            燃气费账单
            </summary>
        </member>
        <member name="F:EcoLens.Api.Models.Enums.UtilityBillType.Combined">
            <summary>
            综合账单（包含多种类型）
            </summary>
        </member>
        <member name="P:EcoLens.Api.Models.FoodRecord.Amount">
            <summary>
            食物数量，单位：kg
            </summary>
        </member>
        <member name="P:EcoLens.Api.Models.FoodRecord.EmissionFactor">
            <summary>
            排放因子，单位：kgCO2/kg
            </summary>
        </member>
        <member name="P:EcoLens.Api.Models.FoodRecord.Emission">
            <summary>
            总排放量，单位：kgCO2
            </summary>
        </member>
        <member name="T:EcoLens.Api.Models.TravelLog">
            <summary>
            出行记录模型
            </summary>
        </member>
        <member name="P:EcoLens.Api.Models.TravelLog.TransportMode">
            <summary>
            出行方式
            </summary>
        </member>
        <member name="P:EcoLens.Api.Models.TravelLog.OriginAddress">
            <summary>
            出发地地址
            </summary>
        </member>
        <member name="P:EcoLens.Api.Models.TravelLog.OriginLatitude">
            <summary>
            出发地纬度
            </summary>
        </member>
        <member name="P:EcoLens.Api.Models.TravelLog.OriginLongitude">
            <summary>
            出发地经度
            </summary>
        </member>
        <member name="P:EcoLens.Api.Models.TravelLog.DestinationAddress">
            <summary>
            目的地地址
            </summary>
        </member>
        <member name="P:EcoLens.Api.Models.TravelLog.DestinationLatitude">
            <summary>
            目的地纬度
            </summary>
        </member>
        <member name="P:EcoLens.Api.Models.TravelLog.DestinationLongitude">
            <summary>
            目的地经度
            </summary>
        </member>
        <member name="P:EcoLens.Api.Models.TravelLog.DistanceMeters">
            <summary>
            路线距离（米）
            </summary>
        </member>
        <member name="P:EcoLens.Api.Models.TravelLog.DistanceKilometers">
            <summary>
            路线距离（公里）
            </summary>
        </member>
        <member name="P:EcoLens.Api.Models.TravelLog.DurationSeconds">
            <summary>
            预计行驶时间（秒）
            </summary>
        </member>
        <member name="P:EcoLens.Api.Models.TravelLog.CarbonEmission">
            <summary>
            碳排放量（kg CO2）
            </summary>
        </member>
        <member name="P:EcoLens.Api.Models.TravelLog.RoutePolyline">
            <summary>
            路线编码（Google Maps返回的polyline，用于前端绘制路线）
            </summary>
        </member>
        <member name="P:EcoLens.Api.Models.TravelLog.Notes">
            <summary>
            备注
            </summary>
        </member>
        <member name="T:EcoLens.Api.Services.Caching.GeocodingCacheService">
            <summary>
            地址转坐标缓存服务实现
            使用内存缓存，减少 Google Maps API 调用次数
            </summary>
        </member>
        <member name="T:EcoLens.Api.Services.Caching.IGeocodingCacheService">
            <summary>
            地址转坐标缓存服务接口
            </summary>
        </member>
        <member name="M:EcoLens.Api.Services.Caching.IGeocodingCacheService.GetCachedGeocodeAsync(System.String)">
            <summary>
            从缓存获取地址的坐标
            </summary>
            <param name="address">地址</param>
            <returns>坐标信息，如果缓存不存在则返回 null</returns>
        </member>
        <member name="M:EcoLens.Api.Services.Caching.IGeocodingCacheService.SetCachedGeocodeAsync(System.String,EcoLens.Api.Services.GeocodingResult)">
            <summary>
            将地址的坐标保存到缓存
            </summary>
            <param name="address">地址</param>
            <param name="result">坐标信息</param>
        </member>
        <member name="T:EcoLens.Api.Services.ClimatiqActivityMapping">
            <summary>
            将 Open Food Facts 的 categories_tags 映射到 Climatiq 的 activity_id。
            用于条形码在 OFF 无 co2_total 时，通过 Climatiq 获取重量型（kg）碳排放因子。
            </summary>
        </member>
        <member name="F:EcoLens.Api.Services.ClimatiqActivityMapping.DefaultFoodActivityId">
            <summary>
            食品类 weight-based 因子的默认 activity_id（BEIS UK，kg CO2e/kg）。
            该因子在 Climatiq 中仅支持 region=GB，适用于所有食品类别。
            </summary>
        </member>
        <member name="F:EcoLens.Api.Services.ClimatiqActivityMapping.DefaultFoodRegion">
            <summary>
            调用 Climatiq 食品类 weight-based 因子时建议使用的 region（该因子仅支持 GB）。
            </summary>
        </member>
        <member name="M:EcoLens.Api.Services.ClimatiqActivityMapping.GetActivityIdForFood(System.String[])">
            <summary>
            根据 OFF 的 categories_tags 返回 Climatiq 的 activity_id。
            
            注意：目前 Climatiq 中只有 consumer_goods-type_food_and_drink_primary_material_production 
            是 BEIS 来源的 weight-based 因子。其他食品类 activity_id（如 beverages、confectionery 等）
            大多是 money-based，需要价格信息，不适合条形码场景。
            
            此方法根据 categories_tags 进行智能匹配，为未来可能的 weight-based 因子预留扩展空间。
            </summary>
            <param name="categoriesTags">OFF 的 categories_tags 数组，格式如 ["en:beverages", "en:carbonated-drinks"]</param>
            <returns>Climatiq activity_id</returns>
        </member>
        <member name="M:EcoLens.Api.Services.ClimatiqActivityMapping.GetCo2MultiplierForFood(System.String[])">
            <summary>
            根据 OFF 的 categories_tags 返回 Co2Factor 的调整系数。
            基于科学研究，不同类别的食物有不同的平均碳排放强度。
            这些系数基于通用食品因子（3.7 kgCO2e/kg）进行调整。
            </summary>
            <param name="categoriesTags">OFF 的 categories_tags 数组</param>
            <returns>调整系数（multiplier），1.0 表示使用默认值</returns>
        </member>
        <member name="M:EcoLens.Api.Services.ClimatiqActivityMapping.NormalizeCategoryTag(System.String)">
            <summary>
            标准化 OFF 的 category tag，移除语言前缀（如 "en:", "fr:" 等）。
            </summary>
        </member>
        <member name="M:EcoLens.Api.Services.ClimatiqActivityMapping.ContainsAny(System.String,System.String[])">
            <summary>
            检查字符串是否包含任意一个关键词（不区分大小写）。
            </summary>
        </member>
        <member name="T:EcoLens.Api.Services.GoogleMapsService">
            <summary>
            Google Maps API 服务实现
            </summary>
        </member>
        <member name="M:EcoLens.Api.Services.GoogleMapsService.GeocodeAsync(System.String,System.Threading.CancellationToken)">
            <summary>
            地理编码：将地址转换为经纬度坐标
            </summary>
        </member>
        <member name="M:EcoLens.Api.Services.GoogleMapsService.ReverseGeocodeAsync(System.Double,System.Double,System.Threading.CancellationToken)">
            <summary>
            反向地理编码：将经纬度坐标转换为地址
            </summary>
        </member>
        <member name="M:EcoLens.Api.Services.GoogleMapsService.CalculateDistanceAsync(System.Double,System.Double,System.Double,System.Double,System.Threading.CancellationToken)">
            <summary>
            计算两点间的距离（米）和行驶时间
            </summary>
        </member>
        <member name="M:EcoLens.Api.Services.GoogleMapsService.SearchNearbyAsync(System.Double,System.Double,System.String,System.Int32,System.Threading.CancellationToken)">
            <summary>
            搜索附近的地点
            </summary>
        </member>
        <member name="M:EcoLens.Api.Services.GoogleMapsService.GetRouteAsync(System.Double,System.Double,System.Double,System.Double,System.String,System.Threading.CancellationToken)">
            <summary>
            获取路线详情（包括polyline用于地图绘制）
            </summary>
        </member>
        <member name="M:EcoLens.Api.Services.GoogleMapsService.NormalizeSingaporePostalCode(System.String)">
            <summary>
            标准化新加坡邮编输入
            如果输入是6位数字，自动添加"Singapore"后缀以提高识别率
            </summary>
        </member>
        <member name="T:EcoLens.Api.Services.IGoogleMapsService">
            <summary>
            Google Maps API 服务接口
            </summary>
        </member>
        <member name="M:EcoLens.Api.Services.IGoogleMapsService.GeocodeAsync(System.String,System.Threading.CancellationToken)">
            <summary>
            地理编码：将地址转换为经纬度坐标
            </summary>
        </member>
        <member name="M:EcoLens.Api.Services.IGoogleMapsService.ReverseGeocodeAsync(System.Double,System.Double,System.Threading.CancellationToken)">
            <summary>
            反向地理编码：将经纬度坐标转换为地址
            </summary>
        </member>
        <member name="M:EcoLens.Api.Services.IGoogleMapsService.CalculateDistanceAsync(System.Double,System.Double,System.Double,System.Double,System.Threading.CancellationToken)">
            <summary>
            计算两点间的距离（米）
            </summary>
        </member>
        <member name="M:EcoLens.Api.Services.IGoogleMapsService.SearchNearbyAsync(System.Double,System.Double,System.String,System.Int32,System.Threading.CancellationToken)">
            <summary>
            搜索附近的地点（例如：充电桩、回收站等）
            </summary>
        </member>
        <member name="M:EcoLens.Api.Services.IGoogleMapsService.GetRouteAsync(System.Double,System.Double,System.Double,System.Double,System.String,System.Threading.CancellationToken)">
            <summary>
            获取路线详情（包括polyline用于地图绘制）
            </summary>
        </member>
        <member name="T:EcoLens.Api.Services.GeocodingResult">
            <summary>
            地理编码结果
            </summary>
        </member>
        <member name="T:EcoLens.Api.Services.ReverseGeocodingResult">
            <summary>
            反向地理编码结果
            </summary>
        </member>
        <member name="T:EcoLens.Api.Services.DistanceResult">
            <summary>
            距离计算结果
            </summary>
        </member>
        <member name="T:EcoLens.Api.Services.PlacesSearchResult">
            <summary>
            地点搜索结果
            </summary>
        </member>
        <member name="T:EcoLens.Api.Services.PlaceItem">
            <summary>
            地点信息
            </summary>
        </member>
        <member name="T:EcoLens.Api.Services.RouteResult">
            <summary>
            路线结果（包含polyline用于地图绘制）
            </summary>
        </member>
        <member name="T:EcoLens.Api.Services.IOcrService">
            <summary>
            OCR 服务接口
            </summary>
        </member>
        <member name="M:EcoLens.Api.Services.IOcrService.RecognizeTextAsync(System.IO.Stream,System.Threading.CancellationToken)">
            <summary>
            识别图片或PDF中的文字（从Stream）
            </summary>
            <param name="imageStream">图片或PDF的Stream</param>
            <param name="ct">取消令牌</param>
            <returns>OCR识别结果，包含文本、置信度和页数</returns>
        </member>
        <member name="M:EcoLens.Api.Services.IOcrService.RecognizeTextAsync(System.Byte[],System.Threading.CancellationToken)">
            <summary>
            识别图片或PDF中的文字（从字节数组）
            </summary>
            <param name="imageBytes">图片或PDF的字节数组</param>
            <param name="ct">取消令牌</param>
            <returns>OCR识别结果，包含文本、置信度和页数</returns>
        </member>
        <member name="T:EcoLens.Api.Services.OcrResult">
            <summary>
            OCR识别结果
            </summary>
        </member>
        <member name="P:EcoLens.Api.Services.OcrResult.Text">
            <summary>
            识别的文本内容
            </summary>
        </member>
        <member name="P:EcoLens.Api.Services.OcrResult.Confidence">
            <summary>
            识别置信度（0-1）
            </summary>
        </member>
        <member name="P:EcoLens.Api.Services.OcrResult.Pages">
            <summary>
            页数（PDF时有用，图片为1）
            </summary>
        </member>
        <member name="T:EcoLens.Api.Services.ITravelService">
            <summary>
            出行记录服务接口
            </summary>
        </member>
        <member name="M:EcoLens.Api.Services.ITravelService.CreateTravelLogAsync(System.Int32,EcoLens.Api.DTOs.Travel.CreateTravelLogDto,System.Threading.CancellationToken)">
            <summary>
            创建出行记录
            </summary>
            <param name="userId">用户ID</param>
            <param name="dto">创建出行记录的请求DTO</param>
            <param name="ct">取消令牌</param>
            <returns>出行记录响应DTO</returns>
        </member>
        <member name="M:EcoLens.Api.Services.ITravelService.PreviewRouteAsync(EcoLens.Api.DTOs.Travel.CreateTravelLogDto,System.Threading.CancellationToken)">
            <summary>
            预览路线和碳排放（不保存到数据库）
            </summary>
            <param name="dto">创建出行记录的请求DTO</param>
            <param name="ct">取消令牌</param>
            <returns>路线预览DTO</returns>
        </member>
        <member name="M:EcoLens.Api.Services.ITravelService.GetUserTravelLogsAsync(System.Int32,EcoLens.Api.DTOs.Travel.GetTravelLogsQueryDto,System.Threading.CancellationToken)">
            <summary>
            获取用户的出行记录列表
            </summary>
            <param name="userId">用户ID</param>
            <param name="query">查询参数（可选）</param>
            <param name="ct">取消令牌</param>
            <returns>分页的出行记录列表</returns>
        </member>
        <member name="M:EcoLens.Api.Services.ITravelService.GetTravelLogByIdAsync(System.Int32,System.Int32,System.Threading.CancellationToken)">
            <summary>
            根据ID获取单条出行记录
            </summary>
            <param name="id">记录ID</param>
            <param name="userId">用户ID（用于验证权限）</param>
            <param name="ct">取消令牌</param>
            <returns>出行记录响应DTO</returns>
        </member>
        <member name="M:EcoLens.Api.Services.ITravelService.DeleteTravelLogAsync(System.Int32,System.Int32,System.Threading.CancellationToken)">
            <summary>
            删除出行记录
            </summary>
            <param name="id">记录ID</param>
            <param name="userId">用户ID（用于验证权限）</param>
            <param name="ct">取消令牌</param>
            <returns>是否删除成功</returns>
        </member>
        <member name="M:EcoLens.Api.Services.ITravelService.GetUserTravelStatisticsAsync(System.Int32,System.Nullable{System.DateTime},System.Nullable{System.DateTime},System.Threading.CancellationToken)">
            <summary>
            获取用户的出行记录统计信息
            </summary>
            <param name="userId">用户ID</param>
            <param name="startDate">开始日期（可选）</param>
            <param name="endDate">结束日期（可选）</param>
            <param name="ct">取消令牌</param>
            <returns>统计信息</returns>
        </member>
        <member name="T:EcoLens.Api.Services.IUtilityBillCalculationService">
            <summary>
            水电账单碳排放计算服务接口
            </summary>
        </member>
        <member name="M:EcoLens.Api.Services.IUtilityBillCalculationService.CalculateCarbonEmissionAsync(System.Nullable{System.Decimal},System.Nullable{System.Decimal},System.Nullable{System.Decimal},System.Threading.CancellationToken)">
            <summary>
            根据用量计算碳排放
            </summary>
            <param name="electricityUsage">用电量（kWh），可为空</param>
            <param name="waterUsage">用水量（m³），可为空</param>
            <param name="gasUsage">用气量（kWh 或 m³），可为空</param>
            <param name="ct">取消令牌</param>
            <returns>碳排放计算结果</returns>
        </member>
        <member name="T:EcoLens.Api.Services.CarbonEmissionResult">
            <summary>
            碳排放计算结果
            </summary>
        </member>
        <member name="P:EcoLens.Api.Services.CarbonEmissionResult.ElectricityCarbon">
            <summary>
            电力碳排放（kg CO2）
            </summary>
        </member>
        <member name="P:EcoLens.Api.Services.CarbonEmissionResult.WaterCarbon">
            <summary>
            水碳排放（kg CO2）
            </summary>
        </member>
        <member name="P:EcoLens.Api.Services.CarbonEmissionResult.GasCarbon">
            <summary>
            燃气碳排放（kg CO2）
            </summary>
        </member>
        <member name="P:EcoLens.Api.Services.CarbonEmissionResult.TotalCarbon">
            <summary>
            总碳排放（kg CO2）
            </summary>
        </member>
        <member name="T:EcoLens.Api.Services.IUtilityBillParser">
            <summary>
            水电账单数据提取服务接口
            </summary>
        </member>
        <member name="M:EcoLens.Api.Services.IUtilityBillParser.ParseBillDataAsync(System.String,System.Nullable{EcoLens.Api.Models.Enums.UtilityBillType},System.Threading.CancellationToken)">
            <summary>
            从OCR识别的文本中提取账单数据
            </summary>
            <param name="ocrText">OCR识别的文本</param>
            <param name="expectedType">预期的账单类型（可选，用于提高识别准确性）</param>
            <param name="ct">取消令牌</param>
            <returns>提取的账单数据，如果提取失败返回null</returns>
        </member>
        <member name="T:EcoLens.Api.Services.ExtractedBillData">
            <summary>
            提取的账单数据
            </summary>
        </member>
        <member name="P:EcoLens.Api.Services.ExtractedBillData.BillType">
            <summary>
            账单类型
            </summary>
        </member>
        <member name="P:EcoLens.Api.Services.ExtractedBillData.ElectricityUsage">
            <summary>
            用电量（kWh）
            </summary>
        </member>
        <member name="P:EcoLens.Api.Services.ExtractedBillData.WaterUsage">
            <summary>
            用水量（m³）
            </summary>
        </member>
        <member name="P:EcoLens.Api.Services.ExtractedBillData.GasUsage">
            <summary>
            用气量（kWh 或 m³）
            </summary>
        </member>
        <member name="P:EcoLens.Api.Services.ExtractedBillData.BillPeriodStart">
            <summary>
            账单周期开始日期
            </summary>
        </member>
        <member name="P:EcoLens.Api.Services.ExtractedBillData.BillPeriodEnd">
            <summary>
            账单周期结束日期
            </summary>
        </member>
        <member name="P:EcoLens.Api.Services.ExtractedBillData.Confidence">
            <summary>
            提取置信度（0-1）
            </summary>
        </member>
        <member name="T:EcoLens.Api.Services.IUtilityBillService">
            <summary>
            水电账单业务服务接口
            </summary>
        </member>
        <member name="M:EcoLens.Api.Services.IUtilityBillService.UploadAndProcessBillAsync(System.Int32,Microsoft.AspNetCore.Http.IFormFile,System.Threading.CancellationToken)">
            <summary>
            上传账单文件并自动处理（OCR识别 → 数据提取 → 碳排放计算 → 保存）
            </summary>
            <param name="userId">用户ID</param>
            <param name="file">账单文件（图片或PDF）</param>
            <param name="ct">取消令牌</param>
            <returns>处理后的账单响应DTO</returns>
        </member>
        <member name="M:EcoLens.Api.Services.IUtilityBillService.CreateBillManuallyAsync(System.Int32,EcoLens.Api.DTOs.UtilityBill.CreateUtilityBillManuallyDto,System.Threading.CancellationToken)">
            <summary>
            手动创建账单（碳排放计算 → 保存）
            </summary>
            <param name="userId">用户ID</param>
            <param name="dto">手动输入账单数据</param>
            <param name="ct">取消令牌</param>
            <returns>创建的账单响应DTO</returns>
        </member>
        <member name="M:EcoLens.Api.Services.IUtilityBillService.GetUserBillsAsync(System.Int32,EcoLens.Api.DTOs.UtilityBill.GetUtilityBillsQueryDto,System.Threading.CancellationToken)">
            <summary>
            获取用户的账单列表（支持筛选和分页）
            </summary>
            <param name="userId">用户ID</param>
            <param name="query">查询参数（可选）</param>
            <param name="ct">取消令牌</param>
            <returns>分页的账单列表</returns>
        </member>
        <member name="M:EcoLens.Api.Services.IUtilityBillService.GetBillByIdAsync(System.Int32,System.Int32,System.Threading.CancellationToken)">
            <summary>
            根据ID获取单个账单详情
            </summary>
            <param name="id">账单ID</param>
            <param name="userId">用户ID（用于验证权限）</param>
            <param name="ct">取消令牌</param>
            <returns>账单响应DTO，如果不存在或无权访问返回null</returns>
        </member>
        <member name="M:EcoLens.Api.Services.IUtilityBillService.DeleteBillAsync(System.Int32,System.Int32,System.Threading.CancellationToken)">
            <summary>
            删除账单
            </summary>
            <param name="id">账单ID</param>
            <param name="userId">用户ID（用于验证权限）</param>
            <param name="ct">取消令牌</param>
            <returns>是否删除成功</returns>
        </member>
        <member name="M:EcoLens.Api.Services.IUtilityBillService.GetUserStatisticsAsync(System.Int32,System.Nullable{System.DateTime},System.Nullable{System.DateTime},System.Threading.CancellationToken)">
            <summary>
            获取用户的账单统计信息
            </summary>
            <param name="userId">用户ID</param>
            <param name="startDate">开始日期（可选）</param>
            <param name="endDate">结束日期（可选）</param>
            <param name="ct">取消令牌</param>
            <returns>统计信息DTO</returns>
        </member>
        <member name="T:EcoLens.Api.Services.OcrService">
            <summary>
            OCR 服务实现（使用 Google Cloud Vision API）
            </summary>
        </member>
        <member name="M:EcoLens.Api.Services.OcrService.RecognizeTextAsync(System.IO.Stream,System.Threading.CancellationToken)">
            <summary>
            识别图片或PDF中的文字（从Stream）
            </summary>
        </member>
        <member name="M:EcoLens.Api.Services.OcrService.RecognizeTextAsync(System.Byte[],System.Threading.CancellationToken)">
            <summary>
            识别图片或PDF中的文字（从字节数组）
            </summary>
        </member>
        <member name="M:EcoLens.Api.Services.OcrService.ProcessPdfAsync(System.Byte[],System.Threading.CancellationToken)">
            <summary>
            处理PDF文件：提取文本内容
            </summary>
        </member>
        <member name="M:EcoLens.Api.Services.OcrService.ConvertPdfPageToImage(System.Byte[],System.Int32)">
            <summary>
            将PDF页面转换为图片（用于图像型PDF的OCR）
            </summary>
        </member>
        <member name="T:EcoLens.Api.Services.TravelService">
            <summary>
            出行记录服务实现
            </summary>
        </member>
        <member name="M:EcoLens.Api.Services.TravelService.CreateTravelLogAsync(System.Int32,EcoLens.Api.DTOs.Travel.CreateTravelLogDto,System.Threading.CancellationToken)">
            <summary>
            创建出行记录
            </summary>
        </member>
        <member name="M:EcoLens.Api.Services.TravelService.PreviewRouteAsync(EcoLens.Api.DTOs.Travel.CreateTravelLogDto,System.Threading.CancellationToken)">
            <summary>
            预览路线和碳排放（不保存到数据库）
            </summary>
        </member>
        <member name="M:EcoLens.Api.Services.TravelService.GetUserTravelLogsAsync(System.Int32,EcoLens.Api.DTOs.Travel.GetTravelLogsQueryDto,System.Threading.CancellationToken)">
            <summary>
            获取用户的出行记录列表（支持筛选和分页）
            </summary>
        </member>
        <member name="M:EcoLens.Api.Services.TravelService.GetTravelLogByIdAsync(System.Int32,System.Int32,System.Threading.CancellationToken)">
            <summary>
            根据ID获取单条出行记录
            </summary>
        </member>
        <member name="M:EcoLens.Api.Services.TravelService.DeleteTravelLogAsync(System.Int32,System.Int32,System.Threading.CancellationToken)">
            <summary>
            删除出行记录
            </summary>
        </member>
        <member name="M:EcoLens.Api.Services.TravelService.GetUserTravelStatisticsAsync(System.Int32,System.Nullable{System.DateTime},System.Nullable{System.DateTime},System.Threading.CancellationToken)">
            <summary>
            获取用户的出行记录统计信息
            </summary>
        </member>
        <member name="M:EcoLens.Api.Services.TravelService.ToResponseDto(EcoLens.Api.Models.TravelLog)">
            <summary>
            将 TravelLog 实体转换为响应DTO
            </summary>
        </member>
        <member name="M:EcoLens.Api.Services.TravelService.GetTransportModeName(EcoLens.Api.Models.Enums.TransportMode)">
            <summary>
            获取出行方式的中文名称
            </summary>
        </member>
        <member name="M:EcoLens.Api.Services.TravelService.GetGoogleMapsTravelMode(EcoLens.Api.Models.Enums.TransportMode)">
            <summary>
            将 TransportMode 转换为 Google Maps API 的 travel mode 字符串
            </summary>
        </member>
        <member name="M:EcoLens.Api.Services.TravelService.GetCarbonFactorAsync(EcoLens.Api.Models.Enums.TransportMode,System.Threading.CancellationToken)">
            <summary>
            获取碳排放因子
            </summary>
        </member>
        <member name="M:EcoLens.Api.Services.TravelService.GetCarbonReferenceLabelName(EcoLens.Api.Models.Enums.TransportMode)">
            <summary>
            将 TransportMode 转换为 CarbonReference 的 LabelName
            </summary>
        </member>
        <member name="M:EcoLens.Api.Services.TravelService.FormatDuration(System.Nullable{System.Int32})">
            <summary>
            格式化时间显示（秒转换为可读字符串）
            </summary>
        </member>
        <member name="T:EcoLens.Api.Services.UtilityBillCalculationService">
            <summary>
            水电账单碳排放计算服务实现
            </summary>
        </member>
        <member name="M:EcoLens.Api.Services.UtilityBillCalculationService.CalculateCarbonEmissionAsync(System.Nullable{System.Decimal},System.Nullable{System.Decimal},System.Nullable{System.Decimal},System.Threading.CancellationToken)">
            <summary>
            根据用量计算碳排放
            </summary>
        </member>
        <member name="T:EcoLens.Api.Services.UtilityBillParser">
            <summary>
            水电账单数据提取服务实现
            </summary>
        </member>
        <member name="M:EcoLens.Api.Services.UtilityBillParser.ParseBillDataAsync(System.String,System.Nullable{EcoLens.Api.Models.Enums.UtilityBillType},System.Threading.CancellationToken)">
            <summary>
            从OCR识别的文本中提取账单数据
            </summary>
        </member>
        <member name="M:EcoLens.Api.Services.UtilityBillParser.IdentifyBillType(System.String)">
            <summary>
            识别账单类型
            </summary>
        </member>
        <member name="M:EcoLens.Api.Services.UtilityBillParser.ContainsKeywords(System.String,System.String[])">
            <summary>
            检查文本是否包含关键词
            </summary>
        </member>
        <member name="M:EcoLens.Api.Services.UtilityBillParser.ExtractElectricityUsage(System.String)">
            <summary>
            提取用电量（kWh）
            </summary>
        </member>
        <member name="M:EcoLens.Api.Services.UtilityBillParser.ExtractWaterUsage(System.String)">
            <summary>
            提取用水量（m³，如果单位是L则转换为m³）
            </summary>
        </member>
        <member name="M:EcoLens.Api.Services.UtilityBillParser.ExtractGasUsage(System.String)">
            <summary>
            提取用气量（kWh 或 m³）
            </summary>
        </member>
        <member name="M:EcoLens.Api.Services.UtilityBillParser.ExtractBillPeriod(System.String)">
            <summary>
            提取账单周期（开始日期和结束日期）
            </summary>
        </member>
        <member name="M:EcoLens.Api.Services.UtilityBillParser.TryParseDate(System.Text.RegularExpressions.Match,System.DateTime@)">
            <summary>
            尝试解析日期
            </summary>
        </member>
        <member name="M:EcoLens.Api.Services.UtilityBillParser.TryParseDate(System.Text.RegularExpressions.Group,System.Text.RegularExpressions.Group,System.Text.RegularExpressions.Group,System.DateTime@)">
            <summary>
            尝试解析日期（从三个组）
            </summary>
        </member>
        <member name="M:EcoLens.Api.Services.UtilityBillParser.TryParseDateWithMonthName(System.Text.RegularExpressions.Match,System.DateTime@)">
            <summary>
            尝试解析日期（包含月份名称，例如：05 Nov 2025）
            </summary>
        </member>
        <member name="M:EcoLens.Api.Services.UtilityBillParser.TryParseDateWithMonthName(System.String,System.String,System.String,System.DateTime@)">
            <summary>
            尝试解析日期（包含月份名称）
            </summary>
        </member>
        <member name="M:EcoLens.Api.Services.UtilityBillParser.CalculateConfidence(EcoLens.Api.Models.Enums.UtilityBillType,System.Nullable{System.Decimal},System.Nullable{System.Decimal},System.Nullable{System.Decimal},System.Nullable{System.DateTime},System.Nullable{System.DateTime})">
            <summary>
            计算提取置信度
            </summary>
        </member>
        <member name="T:EcoLens.Api.Services.UtilityBillService">
            <summary>
            水电账单业务服务实现
            </summary>
        </member>
        <member name="M:EcoLens.Api.Services.UtilityBillService.UploadAndProcessBillAsync(System.Int32,Microsoft.AspNetCore.Http.IFormFile,System.Threading.CancellationToken)">
            <summary>
            上传账单文件并自动处理
            </summary>
        </member>
        <member name="M:EcoLens.Api.Services.UtilityBillService.CreateBillManuallyAsync(System.Int32,EcoLens.Api.DTOs.UtilityBill.CreateUtilityBillManuallyDto,System.Threading.CancellationToken)">
            <summary>
            手动创建账单
            </summary>
        </member>
        <member name="M:EcoLens.Api.Services.UtilityBillService.GetUserBillsAsync(System.Int32,EcoLens.Api.DTOs.UtilityBill.GetUtilityBillsQueryDto,System.Threading.CancellationToken)">
            <summary>
            获取用户的账单列表
            </summary>
        </member>
        <member name="M:EcoLens.Api.Services.UtilityBillService.GetBillByIdAsync(System.Int32,System.Int32,System.Threading.CancellationToken)">
            <summary>
            根据ID获取单个账单详情
            </summary>
        </member>
        <member name="M:EcoLens.Api.Services.UtilityBillService.DeleteBillAsync(System.Int32,System.Int32,System.Threading.CancellationToken)">
            <summary>
            删除账单
            </summary>
        </member>
        <member name="M:EcoLens.Api.Services.UtilityBillService.GetUserStatisticsAsync(System.Int32,System.Nullable{System.DateTime},System.Nullable{System.DateTime},System.Threading.CancellationToken)">
            <summary>
            获取用户的账单统计信息
            </summary>
        </member>
        <member name="M:EcoLens.Api.Services.UtilityBillService.ValidateFile(Microsoft.AspNetCore.Http.IFormFile)">
            <summary>
            验证上传文件
            </summary>
        </member>
        <member name="M:EcoLens.Api.Services.UtilityBillService.ToResponseDto(EcoLens.Api.Models.UtilityBill)">
            <summary>
            将实体转换为响应DTO
            </summary>
        </member>
        <member name="M:EcoLens.Api.Services.UtilityBillService.GetBillTypeName(EcoLens.Api.Models.Enums.UtilityBillType)">
            <summary>
            获取账单类型中文名称
            </summary>
        </member>
        <member name="M:EcoLens.Api.Services.UtilityBillService.GetInputMethodName(EcoLens.Api.Models.Enums.InputMethod)">
            <summary>
            获取输入方式中文名称
            </summary>
        </member>
    </members>
</doc>
